<?xml version="1.0" encoding="UTF-8"?><?xml-stylesheet type='text/xsl' href='_UpgradeReport_Files/UpgradeReport.xslt'?><UpgradeLog>
<Properties><Property Name="Solution" Value="ImageConverter">
</Property><Property Name="Projektmappendatei" Value="C:\Dokumente und Einstellungen\loading\Eigene Dateien\Reflector\Disassembler\ImageConverter\ImageConverter.sln">
</Property><Property Name="Date" Value="Donnerstag, 7. August 2008">
</Property><Property Name="Time" Value="14:58:26">
</Property></Properties><Event ErrorLevel="0" Project="ImageConverter" Source="ImageConverter.csproj" Description="Projektdatei erfolgreich gesichert als C:\Dokumente und Einstellungen\loading\Eigene Dateien\Reflector\Disassembler\ImageConverter\Backup\ImageConverter.csproj">
</Event><Event ErrorLevel="0" Project="ImageConverter" Source="AssemblyInfo.cs" Description="Datei erfolgreich gesichert als C:\Dokumente und Einstellungen\loading\Eigene Dateien\Reflector\Disassembler\ImageConverter\Backup\AssemblyInfo.cs">
</Event><Event ErrorLevel="0" Project="ImageConverter" Source="FileEntry.cs" Description="Datei erfolgreich gesichert als C:\Dokumente und Einstellungen\loading\Eigene Dateien\Reflector\Disassembler\ImageConverter\Backup\FileEntry.cs">
</Event><Event ErrorLevel="0" Project="ImageConverter" Source="Global.cs" Description="Datei erfolgreich gesichert als C:\Dokumente und Einstellungen\loading\Eigene Dateien\Reflector\Disassembler\ImageConverter\Backup\Global.cs">
</Event><Event ErrorLevel="0" Project="ImageConverter" Source="ImageConverter\Form1.cs" Description="Datei erfolgreich gesichert als C:\Dokumente und Einstellungen\loading\Eigene Dateien\Reflector\Disassembler\ImageConverter\Backup\ImageConverter\Form1.cs">
</Event><Event ErrorLevel="0" Project="ImageConverter" Source="NarcReader.cs" Description="Datei erfolgreich gesichert als C:\Dokumente und Einstellungen\loading\Eigene Dateien\Reflector\Disassembler\ImageConverter\Backup\NarcReader.cs">
</Event><Event ErrorLevel="0" Project="ImageConverter" Source="ImageConverter.Form1.resources" Description="Datei erfolgreich gesichert als C:\Dokumente und Einstellungen\loading\Eigene Dateien\Reflector\Disassembler\ImageConverter\Backup\ImageConverter.Form1.resources">
</Event><Event ErrorLevel="0" Project="ImageConverter" Source="ImageConverter.csproj" Description="Projekt erfolgreich konvertiert">
</Event><Event ErrorLevel="3" Project="ImageConverter" Source="ImageConverter.csproj" Description="Converted">
</Event><Event ErrorLevel="0" Project="ImageConverter" Source="ImageConverter.csproj" Description="Überprüfung abgeschlossen: Aktualisierung von Projektdateien nicht erforderlich.">
</Event></UpgradeLog>